claim_id,claim_text,category,value_or_figure,source_type,source_detail,confidence,stage_safe,notes
ST-01,Interest rate for nsfdc.suvidha is 8.0% per annum (reducing balance),RATE,8.0,VERIFIED_PUBLISHED,"finance.py header comment; PS 26092 discovery report; independently corroborated by shared/seed_schemes.json (Pair A) _note: 'Hand-written, verified against live pages on 2026-09-03'",HIGH,YES,"CORRECTED 2026-09-05: upgraded from MEDIUM/YES_WITH_CAVEAT. The same figure appears in Pair A's seed data, hand-verified against the live NSFDC page on 2026-09-03, and docs/MVP_BUILD_PLAN.md:57 quotes the rates from the report. Cite the scheme URL in the matching ST-URL row."
ST-02,Tenure for nsfdc.suvidha is 60 months,TIMELINE,60,VERIFIED_PUBLISHED,"finance.py header comment; PS 26092 discovery report; independently corroborated by shared/seed_schemes.json (Pair A) _note: 'Hand-written, verified against live pages on 2026-09-03'",HIGH,YES,"CORRECTED 2026-09-05: upgraded from MEDIUM/YES_WITH_CAVEAT. The same figure appears in Pair A's seed data, hand-verified against the live NSFDC page on 2026-09-03, and docs/MVP_BUILD_PLAN.md:57 quotes the rates from the report. Cite the scheme URL in the matching ST-URL row."
ST-03,Moratorium for nsfdc.suvidha is 6 months,TIMELINE,6,VERIFIED_PUBLISHED,"finance.py header comment; PS 26092 discovery report; independently corroborated by shared/seed_schemes.json (Pair A) _note: 'Hand-written, verified against live pages on 2026-09-03'",HIGH,YES,"CORRECTED 2026-09-05: upgraded from MEDIUM/YES_WITH_CAVEAT. The same figure appears in Pair A's seed data, hand-verified against the live NSFDC page on 2026-09-03, and docs/MVP_BUILD_PLAN.md:57 quotes the rates from the report. Cite the scheme URL in the matching ST-URL row."
ST-04,Maximum loan under nsfdc.suvidha is Rs 900000,ELIGIBILITY,900000,VERIFIED_PUBLISHED,"finance.py header comment; PS 26092 discovery report; independently corroborated by shared/seed_schemes.json (Pair A) _note: 'Hand-written, verified against live pages on 2026-09-03'",HIGH,YES,"CORRECTED 2026-09-05: upgraded from MEDIUM/YES_WITH_CAVEAT. The same figure appears in Pair A's seed data, hand-verified against the live NSFDC page on 2026-09-03, and docs/MVP_BUILD_PLAN.md:57 quotes the rates from the report. Cite the scheme URL in the matching ST-URL row."
ST-05,Interest rate for nsfdc.micro_credit is 6.5% per annum (reducing balance),RATE,6.5,VERIFIED_PUBLISHED,"finance.py header comment; PS 26092 discovery report; independently corroborated by shared/seed_schemes.json (Pair A) _note: 'Hand-written, verified against live pages on 2026-09-03'",HIGH,YES,"CORRECTED 2026-09-05: upgraded from MEDIUM/YES_WITH_CAVEAT. The same figure appears in Pair A's seed data, hand-verified against the live NSFDC page on 2026-09-03, and docs/MVP_BUILD_PLAN.md:57 quotes the rates from the report. Cite the scheme URL in the matching ST-URL row."
ST-06,Tenure for nsfdc.micro_credit is 36 months,TIMELINE,36,VERIFIED_PUBLISHED,"finance.py header comment; PS 26092 discovery report; independently corroborated by shared/seed_schemes.json (Pair A) _note: 'Hand-written, verified against live pages on 2026-09-03'",HIGH,YES,"CORRECTED 2026-09-05: upgraded from MEDIUM/YES_WITH_CAVEAT. The same figure appears in Pair A's seed data, hand-verified against the live NSFDC page on 2026-09-03, and docs/MVP_BUILD_PLAN.md:57 quotes the rates from the report. Cite the scheme URL in the matching ST-URL row."
ST-07,Moratorium for nsfdc.micro_credit is 3 months,TIMELINE,3,VERIFIED_PUBLISHED,"finance.py header comment; PS 26092 discovery report; independently corroborated by shared/seed_schemes.json (Pair A) _note: 'Hand-written, verified against live pages on 2026-09-03'",HIGH,YES,"CORRECTED 2026-09-05: upgraded from MEDIUM/YES_WITH_CAVEAT. The same figure appears in Pair A's seed data, hand-verified against the live NSFDC page on 2026-09-03, and docs/MVP_BUILD_PLAN.md:57 quotes the rates from the report. Cite the scheme URL in the matching ST-URL row."
ST-08,Maximum loan under nsfdc.micro_credit is Rs 125000,ELIGIBILITY,125000,VERIFIED_PUBLISHED,"finance.py header comment; PS 26092 discovery report; independently corroborated by shared/seed_schemes.json (Pair A) _note: 'Hand-written, verified against live pages on 2026-09-03'",HIGH,YES,"CORRECTED 2026-09-05: upgraded from MEDIUM/YES_WITH_CAVEAT. The same figure appears in Pair A's seed data, hand-verified against the live NSFDC page on 2026-09-03, and docs/MVP_BUILD_PLAN.md:57 quotes the rates from the report. Cite the scheme URL in the matching ST-URL row."
ST-09,Interest rate for nsfdc.mahila_samriddhi is 6.0% per annum (reducing balance),RATE,6.0,VERIFIED_PUBLISHED,"finance.py header comment; PS 26092 discovery report; independently corroborated by shared/seed_schemes.json (Pair A) _note: 'Hand-written, verified against live pages on 2026-09-03'",HIGH,YES,"CORRECTED 2026-09-05: upgraded from MEDIUM/YES_WITH_CAVEAT. The same figure appears in Pair A's seed data, hand-verified against the live NSFDC page on 2026-09-03, and docs/MVP_BUILD_PLAN.md:57 quotes the rates from the report. Cite the scheme URL in the matching ST-URL row."
ST-10,Tenure for nsfdc.mahila_samriddhi is 36 months,TIMELINE,36,VERIFIED_PUBLISHED,"finance.py header comment; PS 26092 discovery report; independently corroborated by shared/seed_schemes.json (Pair A) _note: 'Hand-written, verified against live pages on 2026-09-03'",HIGH,YES,"CORRECTED 2026-09-05: upgraded from MEDIUM/YES_WITH_CAVEAT. The same figure appears in Pair A's seed data, hand-verified against the live NSFDC page on 2026-09-03, and docs/MVP_BUILD_PLAN.md:57 quotes the rates from the report. Cite the scheme URL in the matching ST-URL row."
ST-11,Moratorium for nsfdc.mahila_samriddhi is 3 months,TIMELINE,3,VERIFIED_PUBLISHED,"finance.py header comment; PS 26092 discovery report; independently corroborated by shared/seed_schemes.json (Pair A) _note: 'Hand-written, verified against live pages on 2026-09-03'",HIGH,YES,"CORRECTED 2026-09-05: upgraded from MEDIUM/YES_WITH_CAVEAT. The same figure appears in Pair A's seed data, hand-verified against the live NSFDC page on 2026-09-03, and docs/MVP_BUILD_PLAN.md:57 quotes the rates from the report. Cite the scheme URL in the matching ST-URL row."
ST-12,Maximum loan under nsfdc.mahila_samriddhi is Rs 125000,ELIGIBILITY,125000,VERIFIED_PUBLISHED,"finance.py header comment; PS 26092 discovery report; independently corroborated by shared/seed_schemes.json (Pair A) _note: 'Hand-written, verified against live pages on 2026-09-03'",HIGH,YES,"CORRECTED 2026-09-05: upgraded from MEDIUM/YES_WITH_CAVEAT. The same figure appears in Pair A's seed data, hand-verified against the live NSFDC page on 2026-09-03, and docs/MVP_BUILD_PLAN.md:57 quotes the rates from the report. Cite the scheme URL in the matching ST-URL row."
ST-13,Interest rate for nsfdc.laghu_vyavsay is 6.0% per annum (reducing balance),RATE,6.0,VERIFIED_PUBLISHED,"finance.py header comment; PS 26092 discovery report; independently corroborated by shared/seed_schemes.json (Pair A) _note: 'Hand-written, verified against live pages on 2026-09-03'",HIGH,YES,"CORRECTED 2026-09-05: upgraded from MEDIUM/YES_WITH_CAVEAT. The same figure appears in Pair A's seed data, hand-verified against the live NSFDC page on 2026-09-03, and docs/MVP_BUILD_PLAN.md:57 quotes the rates from the report. Cite the scheme URL in the matching ST-URL row."
ST-14,Tenure for nsfdc.laghu_vyavsay is 72 months,TIMELINE,72,VERIFIED_PUBLISHED,"finance.py header comment; PS 26092 discovery report; independently corroborated by shared/seed_schemes.json (Pair A) _note: 'Hand-written, verified against live pages on 2026-09-03'",HIGH,YES,"CORRECTED 2026-09-05: upgraded from MEDIUM/YES_WITH_CAVEAT. The same figure appears in Pair A's seed data, hand-verified against the live NSFDC page on 2026-09-03, and docs/MVP_BUILD_PLAN.md:57 quotes the rates from the report. Cite the scheme URL in the matching ST-URL row."
ST-15,Moratorium for nsfdc.laghu_vyavsay is 6 months,TIMELINE,6,VERIFIED_PUBLISHED,"finance.py header comment; PS 26092 discovery report; independently corroborated by shared/seed_schemes.json (Pair A) _note: 'Hand-written, verified against live pages on 2026-09-03'",HIGH,YES,"CORRECTED 2026-09-05: upgraded from MEDIUM/YES_WITH_CAVEAT. The same figure appears in Pair A's seed data, hand-verified against the live NSFDC page on 2026-09-03, and docs/MVP_BUILD_PLAN.md:57 quotes the rates from the report. Cite the scheme URL in the matching ST-URL row."
ST-16,Maximum loan under nsfdc.laghu_vyavsay is Rs 200000,ELIGIBILITY,200000,VERIFIED_PUBLISHED,"finance.py header comment; PS 26092 discovery report; independently corroborated by shared/seed_schemes.json (Pair A) _note: 'Hand-written, verified against live pages on 2026-09-03'",HIGH,YES,"CORRECTED 2026-09-05: upgraded from MEDIUM/YES_WITH_CAVEAT. The same figure appears in Pair A's seed data, hand-verified against the live NSFDC page on 2026-09-03, and docs/MVP_BUILD_PLAN.md:57 quotes the rates from the report. Cite the scheme URL in the matching ST-URL row."
ST-URL-01,The source page for nsfdc.suvidha is https://nsfdc.nic.in/en/suvidha-loan,TECHNICAL_CLAIM,https://nsfdc.nic.in/en/suvidha-loan,VERIFIED_PUBLISHED,"shared/seed_schemes.json (Pair A) _note: 'Hand-written, verified against live pages on 2026-09-03'",HIGH,YES,"CORRECTED 2026-09-05: previously logged as an invented slug that must never be cited. A verified URL for this scheme exists in shared/seed_schemes.json (Pair A, checked against the live page 2026-09-03), and finance.py's comment now carries it. Pair B's original guessed slug for this scheme was WRONG (/en/suvidha vs the real /en/suvidha-loan) and has been corrected."
ST-URL-02,The source page for nsfdc.micro_credit is https://nsfdc.nic.in/en/micro-credit-finance,TECHNICAL_CLAIM,https://nsfdc.nic.in/en/micro-credit-finance,VERIFIED_PUBLISHED,"shared/seed_schemes.json (Pair A) _note: 'Hand-written, verified against live pages on 2026-09-03'",HIGH,YES,"CORRECTED 2026-09-05: previously logged as an invented slug that must never be cited. A verified URL for this scheme exists in shared/seed_schemes.json (Pair A, checked against the live page 2026-09-03), and finance.py's comment now carries it. Pair B's original guessed slug happened to match the verified URL exactly."
ST-URL-03,The source page for nsfdc.mahila_samriddhi is https://nsfdc.nic.in/en/mahila-samriddhi-yojana,TECHNICAL_CLAIM,https://nsfdc.nic.in/en/mahila-samriddhi-yojana,VERIFIED_PUBLISHED,"shared/seed_schemes.json (Pair A) _note: 'Hand-written, verified against live pages on 2026-09-03'",HIGH,YES,"CORRECTED 2026-09-05: previously logged as an invented slug that must never be cited. A verified URL for this scheme exists in shared/seed_schemes.json (Pair A, checked against the live page 2026-09-03), and finance.py's comment now carries it. Pair B's original guessed slug happened to match the verified URL exactly."
ST-URL-04,The source page for nsfdc.laghu_vyavsay is https://nsfdc.nic.in/en/laghu-vyavsay-yojana,TECHNICAL_CLAIM,https://nsfdc.nic.in/en/laghu-vyavsay-yojana,VERIFIED_PUBLISHED,"shared/seed_schemes.json (Pair A) _note: 'Hand-written, verified against live pages on 2026-09-03'",HIGH,YES,"CORRECTED 2026-09-05: previously logged as an invented slug that must never be cited. A verified URL for this scheme exists in shared/seed_schemes.json (Pair A, checked against the live page 2026-09-03), and finance.py's comment now carries it. Pair B's original guessed slug happened to match the verified URL exactly."
CT-CAPEX-01,tailoring_unit: capex 'Sewing machine (motorised)' unit cost Rs 18000 (qty 2),FEE_OR_COST,18000,ESTIMATED,Placeholder written by Pair B in cost_templates.py; marked '# ESTIMATE' inline,LOW,NO,"Unsourced placeholder chosen only for order-of-magnitude plausibility so the pipeline could be demonstrated. Not from any published KVIC/NABARD model profile. Do not state this figure as a real cost. docs/ARCHITECTURE.md:366 lists scraping 30-50 real KVIC/NABARD profiles as the 'Highest-leverage work in the whole build', warning that without it 'Sanction-Ready is a template with invented numbers - the one weakness a domain judge finds in thirty seconds'. That task was not done."
CT-CAPEX-02,tailoring_unit: capex 'Overlock machine' unit cost Rs 22000 (qty 1),FEE_OR_COST,22000,ESTIMATED,Placeholder written by Pair B in cost_templates.py; marked '# ESTIMATE' inline,LOW,NO,"Unsourced placeholder chosen only for order-of-magnitude plausibility so the pipeline could be demonstrated. Not from any published KVIC/NABARD model profile. Do not state this figure as a real cost. docs/ARCHITECTURE.md:366 lists scraping 30-50 real KVIC/NABARD profiles as the 'Highest-leverage work in the whole build', warning that without it 'Sanction-Ready is a template with invented numbers - the one weakness a domain judge finds in thirty seconds'. That task was not done."
CT-CAPEX-03,tailoring_unit: capex 'Cutting table and furniture' unit cost Rs 12000 (qty 1),FEE_OR_COST,12000,ESTIMATED,Placeholder written by Pair B in cost_templates.py; marked '# ESTIMATE' inline,LOW,NO,"Unsourced placeholder chosen only for order-of-magnitude plausibility so the pipeline could be demonstrated. Not from any published KVIC/NABARD model profile. Do not state this figure as a real cost. docs/ARCHITECTURE.md:366 lists scraping 30-50 real KVIC/NABARD profiles as the 'Highest-leverage work in the whole build', warning that without it 'Sanction-Ready is a template with invented numbers - the one weakness a domain judge finds in thirty seconds'. That task was not done."
CT-CAPEX-04,tailoring_unit: capex 'Initial fabric and accessories' unit cost Rs 15000 (qty 1),FEE_OR_COST,15000,ESTIMATED,Placeholder written by Pair B in cost_templates.py; marked '# ESTIMATE' inline,LOW,NO,"Unsourced placeholder chosen only for order-of-magnitude plausibility so the pipeline could be demonstrated. Not from any published KVIC/NABARD model profile. Do not state this figure as a real cost. docs/ARCHITECTURE.md:366 lists scraping 30-50 real KVIC/NABARD profiles as the 'Highest-leverage work in the whole build', warning that without it 'Sanction-Ready is a template with invented numbers - the one weakness a domain judge finds in thirty seconds'. That task was not done."
CT-OPEX-01,"tailoring_unit: monthly opex 'Raw material (fabric, thread)' Rs 8000",FEE_OR_COST,8000,ESTIMATED,Placeholder written by Pair B in cost_templates.py; marked '# ESTIMATE' inline,LOW,NO,"Unsourced placeholder chosen only for order-of-magnitude plausibility so the pipeline could be demonstrated. Not from any published KVIC/NABARD model profile. Do not state this figure as a real cost. docs/ARCHITECTURE.md:366 lists scraping 30-50 real KVIC/NABARD profiles as the 'Highest-leverage work in the whole build', warning that without it 'Sanction-Ready is a template with invented numbers - the one weakness a domain judge finds in thirty seconds'. That task was not done."
CT-OPEX-02,tailoring_unit: monthly opex 'Shop rent' Rs 3000,FEE_OR_COST,3000,ESTIMATED,Placeholder written by Pair B in cost_templates.py; marked '# ESTIMATE' inline,LOW,NO,"Unsourced placeholder chosen only for order-of-magnitude plausibility so the pipeline could be demonstrated. Not from any published KVIC/NABARD model profile. Do not state this figure as a real cost. docs/ARCHITECTURE.md:366 lists scraping 30-50 real KVIC/NABARD profiles as the 'Highest-leverage work in the whole build', warning that without it 'Sanction-Ready is a template with invented numbers - the one weakness a domain judge finds in thirty seconds'. That task was not done."
CT-OPEX-03,tailoring_unit: monthly opex 'Power and sundries' Rs 1000,FEE_OR_COST,1000,ESTIMATED,Placeholder written by Pair B in cost_templates.py; marked '# ESTIMATE' inline,LOW,NO,"Unsourced placeholder chosen only for order-of-magnitude plausibility so the pipeline could be demonstrated. Not from any published KVIC/NABARD model profile. Do not state this figure as a real cost. docs/ARCHITECTURE.md:366 lists scraping 30-50 real KVIC/NABARD profiles as the 'Highest-leverage work in the whole build', warning that without it 'Sanction-Ready is a template with invented numbers - the one weakness a domain judge finds in thirty seconds'. That task was not done."
CT-CAPEX-05,dairy_unit: capex 'Milch buffalo' unit cost Rs 70000 (qty 2),FEE_OR_COST,70000,ESTIMATED,Placeholder written by Pair B in cost_templates.py; marked '# ESTIMATE' inline,LOW,NO,"Unsourced placeholder chosen only for order-of-magnitude plausibility so the pipeline could be demonstrated. Not from any published KVIC/NABARD model profile. Do not state this figure as a real cost. docs/ARCHITECTURE.md:366 lists scraping 30-50 real KVIC/NABARD profiles as the 'Highest-leverage work in the whole build', warning that without it 'Sanction-Ready is a template with invented numbers - the one weakness a domain judge finds in thirty seconds'. That task was not done."
CT-CAPEX-06,dairy_unit: capex 'Shed construction' unit cost Rs 40000 (qty 1),FEE_OR_COST,40000,ESTIMATED,Placeholder written by Pair B in cost_templates.py; marked '# ESTIMATE' inline,LOW,NO,"Unsourced placeholder chosen only for order-of-magnitude plausibility so the pipeline could be demonstrated. Not from any published KVIC/NABARD model profile. Do not state this figure as a real cost. docs/ARCHITECTURE.md:366 lists scraping 30-50 real KVIC/NABARD profiles as the 'Highest-leverage work in the whole build', warning that without it 'Sanction-Ready is a template with invented numbers - the one weakness a domain judge finds in thirty seconds'. That task was not done."
CT-CAPEX-07,dairy_unit: capex 'Chaff cutter and utensils' unit cost Rs 18000 (qty 1),FEE_OR_COST,18000,ESTIMATED,Placeholder written by Pair B in cost_templates.py; marked '# ESTIMATE' inline,LOW,NO,"Unsourced placeholder chosen only for order-of-magnitude plausibility so the pipeline could be demonstrated. Not from any published KVIC/NABARD model profile. Do not state this figure as a real cost. docs/ARCHITECTURE.md:366 lists scraping 30-50 real KVIC/NABARD profiles as the 'Highest-leverage work in the whole build', warning that without it 'Sanction-Ready is a template with invented numbers - the one weakness a domain judge finds in thirty seconds'. That task was not done."
CT-CAPEX-08,dairy_unit: capex 'Initial feed stock' unit cost Rs 12000 (qty 1),FEE_OR_COST,12000,ESTIMATED,Placeholder written by Pair B in cost_templates.py; marked '# ESTIMATE' inline,LOW,NO,"Unsourced placeholder chosen only for order-of-magnitude plausibility so the pipeline could be demonstrated. Not from any published KVIC/NABARD model profile. Do not state this figure as a real cost. docs/ARCHITECTURE.md:366 lists scraping 30-50 real KVIC/NABARD profiles as the 'Highest-leverage work in the whole build', warning that without it 'Sanction-Ready is a template with invented numbers - the one weakness a domain judge finds in thirty seconds'. That task was not done."
CT-OPEX-04,dairy_unit: monthly opex 'Green and dry fodder' Rs 9000,FEE_OR_COST,9000,ESTIMATED,Placeholder written by Pair B in cost_templates.py; marked '# ESTIMATE' inline,LOW,NO,"Unsourced placeholder chosen only for order-of-magnitude plausibility so the pipeline could be demonstrated. Not from any published KVIC/NABARD model profile. Do not state this figure as a real cost. docs/ARCHITECTURE.md:366 lists scraping 30-50 real KVIC/NABARD profiles as the 'Highest-leverage work in the whole build', warning that without it 'Sanction-Ready is a template with invented numbers - the one weakness a domain judge finds in thirty seconds'. That task was not done."
CT-OPEX-05,dairy_unit: monthly opex 'Concentrate feed' Rs 4000,FEE_OR_COST,4000,ESTIMATED,Placeholder written by Pair B in cost_templates.py; marked '# ESTIMATE' inline,LOW,NO,"Unsourced placeholder chosen only for order-of-magnitude plausibility so the pipeline could be demonstrated. Not from any published KVIC/NABARD model profile. Do not state this figure as a real cost. docs/ARCHITECTURE.md:366 lists scraping 30-50 real KVIC/NABARD profiles as the 'Highest-leverage work in the whole build', warning that without it 'Sanction-Ready is a template with invented numbers - the one weakness a domain judge finds in thirty seconds'. That task was not done."
CT-OPEX-06,dairy_unit: monthly opex 'Veterinary and insurance' Rs 1200,FEE_OR_COST,1200,ESTIMATED,Placeholder written by Pair B in cost_templates.py; marked '# ESTIMATE' inline,LOW,NO,"Unsourced placeholder chosen only for order-of-magnitude plausibility so the pipeline could be demonstrated. Not from any published KVIC/NABARD model profile. Do not state this figure as a real cost. docs/ARCHITECTURE.md:366 lists scraping 30-50 real KVIC/NABARD profiles as the 'Highest-leverage work in the whole build', warning that without it 'Sanction-Ready is a template with invented numbers - the one weakness a domain judge finds in thirty seconds'. That task was not done."
CT-CAPEX-09,kirana_store: capex 'Opening stock' unit cost Rs 60000 (qty 1),FEE_OR_COST,60000,ESTIMATED,Placeholder written by Pair B in cost_templates.py; marked '# ESTIMATE' inline,LOW,NO,"Unsourced placeholder chosen only for order-of-magnitude plausibility so the pipeline could be demonstrated. Not from any published KVIC/NABARD model profile. Do not state this figure as a real cost. docs/ARCHITECTURE.md:366 lists scraping 30-50 real KVIC/NABARD profiles as the 'Highest-leverage work in the whole build', warning that without it 'Sanction-Ready is a template with invented numbers - the one weakness a domain judge finds in thirty seconds'. That task was not done."
CT-CAPEX-10,kirana_store: capex 'Shelving and counter' unit cost Rs 25000 (qty 1),FEE_OR_COST,25000,ESTIMATED,Placeholder written by Pair B in cost_templates.py; marked '# ESTIMATE' inline,LOW,NO,"Unsourced placeholder chosen only for order-of-magnitude plausibility so the pipeline could be demonstrated. Not from any published KVIC/NABARD model profile. Do not state this figure as a real cost. docs/ARCHITECTURE.md:366 lists scraping 30-50 real KVIC/NABARD profiles as the 'Highest-leverage work in the whole build', warning that without it 'Sanction-Ready is a template with invented numbers - the one weakness a domain judge finds in thirty seconds'. That task was not done."
CT-CAPEX-11,kirana_store: capex 'Weighing scale (electronic)' unit cost Rs 6000 (qty 1),FEE_OR_COST,6000,ESTIMATED,Placeholder written by Pair B in cost_templates.py; marked '# ESTIMATE' inline,LOW,NO,"Unsourced placeholder chosen only for order-of-magnitude plausibility so the pipeline could be demonstrated. Not from any published KVIC/NABARD model profile. Do not state this figure as a real cost. docs/ARCHITECTURE.md:366 lists scraping 30-50 real KVIC/NABARD profiles as the 'Highest-leverage work in the whole build', warning that without it 'Sanction-Ready is a template with invented numbers - the one weakness a domain judge finds in thirty seconds'. That task was not done."
CT-CAPEX-12,kirana_store: capex 'Refrigerator (small)' unit cost Rs 18000 (qty 1),FEE_OR_COST,18000,ESTIMATED,Placeholder written by Pair B in cost_templates.py; marked '# ESTIMATE' inline,LOW,NO,"Unsourced placeholder chosen only for order-of-magnitude plausibility so the pipeline could be demonstrated. Not from any published KVIC/NABARD model profile. Do not state this figure as a real cost. docs/ARCHITECTURE.md:366 lists scraping 30-50 real KVIC/NABARD profiles as the 'Highest-leverage work in the whole build', warning that without it 'Sanction-Ready is a template with invented numbers - the one weakness a domain judge finds in thirty seconds'. That task was not done."
CT-OPEX-07,kirana_store: monthly opex 'Stock replenishment' Rs 35000,FEE_OR_COST,35000,ESTIMATED,Placeholder written by Pair B in cost_templates.py; marked '# ESTIMATE' inline,LOW,NO,"Unsourced placeholder chosen only for order-of-magnitude plausibility so the pipeline could be demonstrated. Not from any published KVIC/NABARD model profile. Do not state this figure as a real cost. docs/ARCHITECTURE.md:366 lists scraping 30-50 real KVIC/NABARD profiles as the 'Highest-leverage work in the whole build', warning that without it 'Sanction-Ready is a template with invented numbers - the one weakness a domain judge finds in thirty seconds'. That task was not done."
CT-OPEX-08,kirana_store: monthly opex 'Shop rent' Rs 4000,FEE_OR_COST,4000,ESTIMATED,Placeholder written by Pair B in cost_templates.py; marked '# ESTIMATE' inline,LOW,NO,"Unsourced placeholder chosen only for order-of-magnitude plausibility so the pipeline could be demonstrated. Not from any published KVIC/NABARD model profile. Do not state this figure as a real cost. docs/ARCHITECTURE.md:366 lists scraping 30-50 real KVIC/NABARD profiles as the 'Highest-leverage work in the whole build', warning that without it 'Sanction-Ready is a template with invented numbers - the one weakness a domain judge finds in thirty seconds'. That task was not done."
CT-OPEX-09,kirana_store: monthly opex 'Power and sundries' Rs 1500,FEE_OR_COST,1500,ESTIMATED,Placeholder written by Pair B in cost_templates.py; marked '# ESTIMATE' inline,LOW,NO,"Unsourced placeholder chosen only for order-of-magnitude plausibility so the pipeline could be demonstrated. Not from any published KVIC/NABARD model profile. Do not state this figure as a real cost. docs/ARCHITECTURE.md:366 lists scraping 30-50 real KVIC/NABARD profiles as the 'Highest-leverage work in the whole build', warning that without it 'Sanction-Ready is a template with invented numbers - the one weakness a domain judge finds in thirty seconds'. That task was not done."
CT-CAPEX-13,flour_mill: capex 'Flour mill machine with motor' unit cost Rs 55000 (qty 1),FEE_OR_COST,55000,ESTIMATED,Placeholder written by Pair B in cost_templates.py; marked '# ESTIMATE' inline,LOW,NO,"Unsourced placeholder chosen only for order-of-magnitude plausibility so the pipeline could be demonstrated. Not from any published KVIC/NABARD model profile. Do not state this figure as a real cost. docs/ARCHITECTURE.md:366 lists scraping 30-50 real KVIC/NABARD profiles as the 'Highest-leverage work in the whole build', warning that without it 'Sanction-Ready is a template with invented numbers - the one weakness a domain judge finds in thirty seconds'. That task was not done."
CT-CAPEX-14,flour_mill: capex 'Electrical fitting and starter' unit cost Rs 12000 (qty 1),FEE_OR_COST,12000,ESTIMATED,Placeholder written by Pair B in cost_templates.py; marked '# ESTIMATE' inline,LOW,NO,"Unsourced placeholder chosen only for order-of-magnitude plausibility so the pipeline could be demonstrated. Not from any published KVIC/NABARD model profile. Do not state this figure as a real cost. docs/ARCHITECTURE.md:366 lists scraping 30-50 real KVIC/NABARD profiles as the 'Highest-leverage work in the whole build', warning that without it 'Sanction-Ready is a template with invented numbers - the one weakness a domain judge finds in thirty seconds'. That task was not done."
CT-CAPEX-15,flour_mill: capex 'Platform and civil work' unit cost Rs 15000 (qty 1),FEE_OR_COST,15000,ESTIMATED,Placeholder written by Pair B in cost_templates.py; marked '# ESTIMATE' inline,LOW,NO,"Unsourced placeholder chosen only for order-of-magnitude plausibility so the pipeline could be demonstrated. Not from any published KVIC/NABARD model profile. Do not state this figure as a real cost. docs/ARCHITECTURE.md:366 lists scraping 30-50 real KVIC/NABARD profiles as the 'Highest-leverage work in the whole build', warning that without it 'Sanction-Ready is a template with invented numbers - the one weakness a domain judge finds in thirty seconds'. That task was not done."
CT-CAPEX-16,flour_mill: capex 'Weighing scale and drums' unit cost Rs 8000 (qty 1),FEE_OR_COST,8000,ESTIMATED,Placeholder written by Pair B in cost_templates.py; marked '# ESTIMATE' inline,LOW,NO,"Unsourced placeholder chosen only for order-of-magnitude plausibility so the pipeline could be demonstrated. Not from any published KVIC/NABARD model profile. Do not state this figure as a real cost. docs/ARCHITECTURE.md:366 lists scraping 30-50 real KVIC/NABARD profiles as the 'Highest-leverage work in the whole build', warning that without it 'Sanction-Ready is a template with invented numbers - the one weakness a domain judge finds in thirty seconds'. That task was not done."
CT-OPEX-10,flour_mill: monthly opex 'Electricity' Rs 4500,FEE_OR_COST,4500,ESTIMATED,Placeholder written by Pair B in cost_templates.py; marked '# ESTIMATE' inline,LOW,NO,"Unsourced placeholder chosen only for order-of-magnitude plausibility so the pipeline could be demonstrated. Not from any published KVIC/NABARD model profile. Do not state this figure as a real cost. docs/ARCHITECTURE.md:366 lists scraping 30-50 real KVIC/NABARD profiles as the 'Highest-leverage work in the whole build', warning that without it 'Sanction-Ready is a template with invented numbers - the one weakness a domain judge finds in thirty seconds'. That task was not done."
CT-OPEX-11,flour_mill: monthly opex 'Maintenance and spares' Rs 1500,FEE_OR_COST,1500,ESTIMATED,Placeholder written by Pair B in cost_templates.py; marked '# ESTIMATE' inline,LOW,NO,"Unsourced placeholder chosen only for order-of-magnitude plausibility so the pipeline could be demonstrated. Not from any published KVIC/NABARD model profile. Do not state this figure as a real cost. docs/ARCHITECTURE.md:366 lists scraping 30-50 real KVIC/NABARD profiles as the 'Highest-leverage work in the whole build', warning that without it 'Sanction-Ready is a template with invented numbers - the one weakness a domain judge finds in thirty seconds'. That task was not done."
CT-OPEX-12,flour_mill: monthly opex 'Shop rent' Rs 3000,FEE_OR_COST,3000,ESTIMATED,Placeholder written by Pair B in cost_templates.py; marked '# ESTIMATE' inline,LOW,NO,"Unsourced placeholder chosen only for order-of-magnitude plausibility so the pipeline could be demonstrated. Not from any published KVIC/NABARD model profile. Do not state this figure as a real cost. docs/ARCHITECTURE.md:366 lists scraping 30-50 real KVIC/NABARD profiles as the 'Highest-leverage work in the whole build', warning that without it 'Sanction-Ready is a template with invented numbers - the one weakness a domain judge finds in thirty seconds'. That task was not done."
CT-CAPEX-17,beauty_parlour: capex 'Parlour chair and mirror station' unit cost Rs 14000 (qty 2),FEE_OR_COST,14000,ESTIMATED,Placeholder written by Pair B in cost_templates.py; marked '# ESTIMATE' inline,LOW,NO,"Unsourced placeholder chosen only for order-of-magnitude plausibility so the pipeline could be demonstrated. Not from any published KVIC/NABARD model profile. Do not state this figure as a real cost. docs/ARCHITECTURE.md:366 lists scraping 30-50 real KVIC/NABARD profiles as the 'Highest-leverage work in the whole build', warning that without it 'Sanction-Ready is a template with invented numbers - the one weakness a domain judge finds in thirty seconds'. That task was not done."
CT-CAPEX-18,"beauty_parlour: capex 'Steamer, dryer, styling equipment' unit cost Rs 25000 (qty 1)",FEE_OR_COST,25000,ESTIMATED,Placeholder written by Pair B in cost_templates.py; marked '# ESTIMATE' inline,LOW,NO,"Unsourced placeholder chosen only for order-of-magnitude plausibility so the pipeline could be demonstrated. Not from any published KVIC/NABARD model profile. Do not state this figure as a real cost. docs/ARCHITECTURE.md:366 lists scraping 30-50 real KVIC/NABARD profiles as the 'Highest-leverage work in the whole build', warning that without it 'Sanction-Ready is a template with invented numbers - the one weakness a domain judge finds in thirty seconds'. That task was not done."
CT-CAPEX-19,beauty_parlour: capex 'Interior and lighting' unit cost Rs 20000 (qty 1),FEE_OR_COST,20000,ESTIMATED,Placeholder written by Pair B in cost_templates.py; marked '# ESTIMATE' inline,LOW,NO,"Unsourced placeholder chosen only for order-of-magnitude plausibility so the pipeline could be demonstrated. Not from any published KVIC/NABARD model profile. Do not state this figure as a real cost. docs/ARCHITECTURE.md:366 lists scraping 30-50 real KVIC/NABARD profiles as the 'Highest-leverage work in the whole build', warning that without it 'Sanction-Ready is a template with invented numbers - the one weakness a domain judge finds in thirty seconds'. That task was not done."
CT-CAPEX-20,beauty_parlour: capex 'Initial consumables stock' unit cost Rs 12000 (qty 1),FEE_OR_COST,12000,ESTIMATED,Placeholder written by Pair B in cost_templates.py; marked '# ESTIMATE' inline,LOW,NO,"Unsourced placeholder chosen only for order-of-magnitude plausibility so the pipeline could be demonstrated. Not from any published KVIC/NABARD model profile. Do not state this figure as a real cost. docs/ARCHITECTURE.md:366 lists scraping 30-50 real KVIC/NABARD profiles as the 'Highest-leverage work in the whole build', warning that without it 'Sanction-Ready is a template with invented numbers - the one weakness a domain judge finds in thirty seconds'. That task was not done."
CT-OPEX-13,beauty_parlour: monthly opex 'Consumables (cosmetics)' Rs 7000,FEE_OR_COST,7000,ESTIMATED,Placeholder written by Pair B in cost_templates.py; marked '# ESTIMATE' inline,LOW,NO,"Unsourced placeholder chosen only for order-of-magnitude plausibility so the pipeline could be demonstrated. Not from any published KVIC/NABARD model profile. Do not state this figure as a real cost. docs/ARCHITECTURE.md:366 lists scraping 30-50 real KVIC/NABARD profiles as the 'Highest-leverage work in the whole build', warning that without it 'Sanction-Ready is a template with invented numbers - the one weakness a domain judge finds in thirty seconds'. That task was not done."
CT-OPEX-14,beauty_parlour: monthly opex 'Shop rent' Rs 6000,FEE_OR_COST,6000,ESTIMATED,Placeholder written by Pair B in cost_templates.py; marked '# ESTIMATE' inline,LOW,NO,"Unsourced placeholder chosen only for order-of-magnitude plausibility so the pipeline could be demonstrated. Not from any published KVIC/NABARD model profile. Do not state this figure as a real cost. docs/ARCHITECTURE.md:366 lists scraping 30-50 real KVIC/NABARD profiles as the 'Highest-leverage work in the whole build', warning that without it 'Sanction-Ready is a template with invented numbers - the one weakness a domain judge finds in thirty seconds'. That task was not done."
CT-OPEX-15,beauty_parlour: monthly opex 'Power and water' Rs 1500,FEE_OR_COST,1500,ESTIMATED,Placeholder written by Pair B in cost_templates.py; marked '# ESTIMATE' inline,LOW,NO,"Unsourced placeholder chosen only for order-of-magnitude plausibility so the pipeline could be demonstrated. Not from any published KVIC/NABARD model profile. Do not state this figure as a real cost. docs/ARCHITECTURE.md:366 lists scraping 30-50 real KVIC/NABARD profiles as the 'Highest-leverage work in the whole build', warning that without it 'Sanction-Ready is a template with invented numbers - the one weakness a domain judge finds in thirty seconds'. That task was not done."
CT-CAPEX-21,tea_stall: capex 'Stall structure / cart' unit cost Rs 25000 (qty 1),FEE_OR_COST,25000,ESTIMATED,Placeholder written by Pair B in cost_templates.py; marked '# ESTIMATE' inline,LOW,NO,"Unsourced placeholder chosen only for order-of-magnitude plausibility so the pipeline could be demonstrated. Not from any published KVIC/NABARD model profile. Do not state this figure as a real cost. docs/ARCHITECTURE.md:366 lists scraping 30-50 real KVIC/NABARD profiles as the 'Highest-leverage work in the whole build', warning that without it 'Sanction-Ready is a template with invented numbers - the one weakness a domain judge finds in thirty seconds'. That task was not done."
CT-CAPEX-22,"tea_stall: capex 'Gas stove, cylinder, utensils' unit cost Rs 12000 (qty 1)",FEE_OR_COST,12000,ESTIMATED,Placeholder written by Pair B in cost_templates.py; marked '# ESTIMATE' inline,LOW,NO,"Unsourced placeholder chosen only for order-of-magnitude plausibility so the pipeline could be demonstrated. Not from any published KVIC/NABARD model profile. Do not state this figure as a real cost. docs/ARCHITECTURE.md:366 lists scraping 30-50 real KVIC/NABARD profiles as the 'Highest-leverage work in the whole build', warning that without it 'Sanction-Ready is a template with invented numbers - the one weakness a domain judge finds in thirty seconds'. That task was not done."
CT-CAPEX-23,tea_stall: capex 'Refrigerator (small)' unit cost Rs 15000 (qty 1),FEE_OR_COST,15000,ESTIMATED,Placeholder written by Pair B in cost_templates.py; marked '# ESTIMATE' inline,LOW,NO,"Unsourced placeholder chosen only for order-of-magnitude plausibility so the pipeline could be demonstrated. Not from any published KVIC/NABARD model profile. Do not state this figure as a real cost. docs/ARCHITECTURE.md:366 lists scraping 30-50 real KVIC/NABARD profiles as the 'Highest-leverage work in the whole build', warning that without it 'Sanction-Ready is a template with invented numbers - the one weakness a domain judge finds in thirty seconds'. That task was not done."
CT-CAPEX-24,tea_stall: capex 'Seating and initial stock' unit cost Rs 8000 (qty 1),FEE_OR_COST,8000,ESTIMATED,Placeholder written by Pair B in cost_templates.py; marked '# ESTIMATE' inline,LOW,NO,"Unsourced placeholder chosen only for order-of-magnitude plausibility so the pipeline could be demonstrated. Not from any published KVIC/NABARD model profile. Do not state this figure as a real cost. docs/ARCHITECTURE.md:366 lists scraping 30-50 real KVIC/NABARD profiles as the 'Highest-leverage work in the whole build', warning that without it 'Sanction-Ready is a template with invented numbers - the one weakness a domain judge finds in thirty seconds'. That task was not done."
CT-OPEX-16,"tea_stall: monthly opex 'Milk, tea, snacks stock' Rs 14000",FEE_OR_COST,14000,ESTIMATED,Placeholder written by Pair B in cost_templates.py; marked '# ESTIMATE' inline,LOW,NO,"Unsourced placeholder chosen only for order-of-magnitude plausibility so the pipeline could be demonstrated. Not from any published KVIC/NABARD model profile. Do not state this figure as a real cost. docs/ARCHITECTURE.md:366 lists scraping 30-50 real KVIC/NABARD profiles as the 'Highest-leverage work in the whole build', warning that without it 'Sanction-Ready is a template with invented numbers - the one weakness a domain judge finds in thirty seconds'. That task was not done."
CT-OPEX-17,tea_stall: monthly opex 'Gas refill' Rs 2000,FEE_OR_COST,2000,ESTIMATED,Placeholder written by Pair B in cost_templates.py; marked '# ESTIMATE' inline,LOW,NO,"Unsourced placeholder chosen only for order-of-magnitude plausibility so the pipeline could be demonstrated. Not from any published KVIC/NABARD model profile. Do not state this figure as a real cost. docs/ARCHITECTURE.md:366 lists scraping 30-50 real KVIC/NABARD profiles as the 'Highest-leverage work in the whole build', warning that without it 'Sanction-Ready is a template with invented numbers - the one weakness a domain judge finds in thirty seconds'. That task was not done."
CT-OPEX-18,tea_stall: monthly opex 'Pitch rent and sundries' Rs 2500,FEE_OR_COST,2500,ESTIMATED,Placeholder written by Pair B in cost_templates.py; marked '# ESTIMATE' inline,LOW,NO,"Unsourced placeholder chosen only for order-of-magnitude plausibility so the pipeline could be demonstrated. Not from any published KVIC/NABARD model profile. Do not state this figure as a real cost. docs/ARCHITECTURE.md:366 lists scraping 30-50 real KVIC/NABARD profiles as the 'Highest-leverage work in the whole build', warning that without it 'Sanction-Ready is a template with invented numbers - the one weakness a domain judge finds in thirty seconds'. That task was not done."
CT-CAPEX-25,photocopy_shop: capex 'Photocopier machine' unit cost Rs 60000 (qty 1),FEE_OR_COST,60000,ESTIMATED,Placeholder written by Pair B in cost_templates.py; marked '# ESTIMATE' inline,LOW,NO,"Unsourced placeholder chosen only for order-of-magnitude plausibility so the pipeline could be demonstrated. Not from any published KVIC/NABARD model profile. Do not state this figure as a real cost. docs/ARCHITECTURE.md:366 lists scraping 30-50 real KVIC/NABARD profiles as the 'Highest-leverage work in the whole build', warning that without it 'Sanction-Ready is a template with invented numbers - the one weakness a domain judge finds in thirty seconds'. That task was not done."
CT-CAPEX-26,photocopy_shop: capex 'Computer and printer' unit cost Rs 35000 (qty 1),FEE_OR_COST,35000,ESTIMATED,Placeholder written by Pair B in cost_templates.py; marked '# ESTIMATE' inline,LOW,NO,"Unsourced placeholder chosen only for order-of-magnitude plausibility so the pipeline could be demonstrated. Not from any published KVIC/NABARD model profile. Do not state this figure as a real cost. docs/ARCHITECTURE.md:366 lists scraping 30-50 real KVIC/NABARD profiles as the 'Highest-leverage work in the whole build', warning that without it 'Sanction-Ready is a template with invented numbers - the one weakness a domain judge finds in thirty seconds'. That task was not done."
CT-CAPEX-27,photocopy_shop: capex 'Furniture and shelving' unit cost Rs 12000 (qty 1),FEE_OR_COST,12000,ESTIMATED,Placeholder written by Pair B in cost_templates.py; marked '# ESTIMATE' inline,LOW,NO,"Unsourced placeholder chosen only for order-of-magnitude plausibility so the pipeline could be demonstrated. Not from any published KVIC/NABARD model profile. Do not state this figure as a real cost. docs/ARCHITECTURE.md:366 lists scraping 30-50 real KVIC/NABARD profiles as the 'Highest-leverage work in the whole build', warning that without it 'Sanction-Ready is a template with invented numbers - the one weakness a domain judge finds in thirty seconds'. That task was not done."
CT-CAPEX-28,photocopy_shop: capex 'Initial stationery stock' unit cost Rs 10000 (qty 1),FEE_OR_COST,10000,ESTIMATED,Placeholder written by Pair B in cost_templates.py; marked '# ESTIMATE' inline,LOW,NO,"Unsourced placeholder chosen only for order-of-magnitude plausibility so the pipeline could be demonstrated. Not from any published KVIC/NABARD model profile. Do not state this figure as a real cost. docs/ARCHITECTURE.md:366 lists scraping 30-50 real KVIC/NABARD profiles as the 'Highest-leverage work in the whole build', warning that without it 'Sanction-Ready is a template with invented numbers - the one weakness a domain judge finds in thirty seconds'. That task was not done."
CT-OPEX-19,"photocopy_shop: monthly opex 'Paper, toner, cartridges' Rs 9000",FEE_OR_COST,9000,ESTIMATED,Placeholder written by Pair B in cost_templates.py; marked '# ESTIMATE' inline,LOW,NO,"Unsourced placeholder chosen only for order-of-magnitude plausibility so the pipeline could be demonstrated. Not from any published KVIC/NABARD model profile. Do not state this figure as a real cost. docs/ARCHITECTURE.md:366 lists scraping 30-50 real KVIC/NABARD profiles as the 'Highest-leverage work in the whole build', warning that without it 'Sanction-Ready is a template with invented numbers - the one weakness a domain judge finds in thirty seconds'. That task was not done."
CT-OPEX-20,photocopy_shop: monthly opex 'Shop rent' Rs 4500,FEE_OR_COST,4500,ESTIMATED,Placeholder written by Pair B in cost_templates.py; marked '# ESTIMATE' inline,LOW,NO,"Unsourced placeholder chosen only for order-of-magnitude plausibility so the pipeline could be demonstrated. Not from any published KVIC/NABARD model profile. Do not state this figure as a real cost. docs/ARCHITECTURE.md:366 lists scraping 30-50 real KVIC/NABARD profiles as the 'Highest-leverage work in the whole build', warning that without it 'Sanction-Ready is a template with invented numbers - the one weakness a domain judge finds in thirty seconds'. That task was not done."
CT-OPEX-21,photocopy_shop: monthly opex 'Power and internet' Rs 2000,FEE_OR_COST,2000,ESTIMATED,Placeholder written by Pair B in cost_templates.py; marked '# ESTIMATE' inline,LOW,NO,"Unsourced placeholder chosen only for order-of-magnitude plausibility so the pipeline could be demonstrated. Not from any published KVIC/NABARD model profile. Do not state this figure as a real cost. docs/ARCHITECTURE.md:366 lists scraping 30-50 real KVIC/NABARD profiles as the 'Highest-leverage work in the whole build', warning that without it 'Sanction-Ready is a template with invented numbers - the one weakness a domain judge finds in thirty seconds'. That task was not done."
CT-CAPEX-29,goat_rearing: capex 'Female goats' unit cost Rs 7000 (qty 10),FEE_OR_COST,7000,ESTIMATED,Placeholder written by Pair B in cost_templates.py; marked '# ESTIMATE' inline,LOW,NO,"Unsourced placeholder chosen only for order-of-magnitude plausibility so the pipeline could be demonstrated. Not from any published KVIC/NABARD model profile. Do not state this figure as a real cost. docs/ARCHITECTURE.md:366 lists scraping 30-50 real KVIC/NABARD profiles as the 'Highest-leverage work in the whole build', warning that without it 'Sanction-Ready is a template with invented numbers - the one weakness a domain judge finds in thirty seconds'. That task was not done."
CT-CAPEX-30,goat_rearing: capex 'Breeding buck' unit cost Rs 10000 (qty 1),FEE_OR_COST,10000,ESTIMATED,Placeholder written by Pair B in cost_templates.py; marked '# ESTIMATE' inline,LOW,NO,"Unsourced placeholder chosen only for order-of-magnitude plausibility so the pipeline could be demonstrated. Not from any published KVIC/NABARD model profile. Do not state this figure as a real cost. docs/ARCHITECTURE.md:366 lists scraping 30-50 real KVIC/NABARD profiles as the 'Highest-leverage work in the whole build', warning that without it 'Sanction-Ready is a template with invented numbers - the one weakness a domain judge finds in thirty seconds'. That task was not done."
CT-CAPEX-31,goat_rearing: capex 'Shed and fencing' unit cost Rs 35000 (qty 1),FEE_OR_COST,35000,ESTIMATED,Placeholder written by Pair B in cost_templates.py; marked '# ESTIMATE' inline,LOW,NO,"Unsourced placeholder chosen only for order-of-magnitude plausibility so the pipeline could be demonstrated. Not from any published KVIC/NABARD model profile. Do not state this figure as a real cost. docs/ARCHITECTURE.md:366 lists scraping 30-50 real KVIC/NABARD profiles as the 'Highest-leverage work in the whole build', warning that without it 'Sanction-Ready is a template with invented numbers - the one weakness a domain judge finds in thirty seconds'. That task was not done."
CT-CAPEX-32,goat_rearing: capex 'Feed and equipment (initial)' unit cost Rs 10000 (qty 1),FEE_OR_COST,10000,ESTIMATED,Placeholder written by Pair B in cost_templates.py; marked '# ESTIMATE' inline,LOW,NO,"Unsourced placeholder chosen only for order-of-magnitude plausibility so the pipeline could be demonstrated. Not from any published KVIC/NABARD model profile. Do not state this figure as a real cost. docs/ARCHITECTURE.md:366 lists scraping 30-50 real KVIC/NABARD profiles as the 'Highest-leverage work in the whole build', warning that without it 'Sanction-Ready is a template with invented numbers - the one weakness a domain judge finds in thirty seconds'. That task was not done."
CT-OPEX-22,goat_rearing: monthly opex 'Feed and fodder' Rs 6000,FEE_OR_COST,6000,ESTIMATED,Placeholder written by Pair B in cost_templates.py; marked '# ESTIMATE' inline,LOW,NO,"Unsourced placeholder chosen only for order-of-magnitude plausibility so the pipeline could be demonstrated. Not from any published KVIC/NABARD model profile. Do not state this figure as a real cost. docs/ARCHITECTURE.md:366 lists scraping 30-50 real KVIC/NABARD profiles as the 'Highest-leverage work in the whole build', warning that without it 'Sanction-Ready is a template with invented numbers - the one weakness a domain judge finds in thirty seconds'. That task was not done."
CT-OPEX-23,goat_rearing: monthly opex 'Veterinary and vaccination' Rs 1000,FEE_OR_COST,1000,ESTIMATED,Placeholder written by Pair B in cost_templates.py; marked '# ESTIMATE' inline,LOW,NO,"Unsourced placeholder chosen only for order-of-magnitude plausibility so the pipeline could be demonstrated. Not from any published KVIC/NABARD model profile. Do not state this figure as a real cost. docs/ARCHITECTURE.md:366 lists scraping 30-50 real KVIC/NABARD profiles as the 'Highest-leverage work in the whole build', warning that without it 'Sanction-Ready is a template with invented numbers - the one weakness a domain judge finds in thirty seconds'. That task was not done."
CT-OPEX-24,goat_rearing: monthly opex 'Labour and sundries' Rs 2000,FEE_OR_COST,2000,ESTIMATED,Placeholder written by Pair B in cost_templates.py; marked '# ESTIMATE' inline,LOW,NO,"Unsourced placeholder chosen only for order-of-magnitude plausibility so the pipeline could be demonstrated. Not from any published KVIC/NABARD model profile. Do not state this figure as a real cost. docs/ARCHITECTURE.md:366 lists scraping 30-50 real KVIC/NABARD profiles as the 'Highest-leverage work in the whole build', warning that without it 'Sanction-Ready is a template with invented numbers - the one weakness a domain judge finds in thirty seconds'. That task was not done."
CT-REV-01,tailoring_unit: estimated monthly revenue Rs 25000,FEE_OR_COST,25000,ESTIMATED,Placeholder written by Pair B in cost_templates.py; marked '# ESTIMATE' inline,LOW,NO,"Unsourced placeholder chosen only for order-of-magnitude plausibility so the pipeline could be demonstrated. Not from any published KVIC/NABARD model profile. Do not state this figure as a real cost. docs/ARCHITECTURE.md:366 lists scraping 30-50 real KVIC/NABARD profiles as the 'Highest-leverage work in the whole build', warning that without it 'Sanction-Ready is a template with invented numbers - the one weakness a domain judge finds in thirty seconds'. That task was not done."
CT-REV-02,dairy_unit: estimated monthly revenue Rs 30000,FEE_OR_COST,30000,ESTIMATED,Placeholder written by Pair B in cost_templates.py; marked '# ESTIMATE' inline,LOW,NO,"Unsourced placeholder chosen only for order-of-magnitude plausibility so the pipeline could be demonstrated. Not from any published KVIC/NABARD model profile. Do not state this figure as a real cost. docs/ARCHITECTURE.md:366 lists scraping 30-50 real KVIC/NABARD profiles as the 'Highest-leverage work in the whole build', warning that without it 'Sanction-Ready is a template with invented numbers - the one weakness a domain judge finds in thirty seconds'. That task was not done."
CT-REV-03,kirana_store: estimated monthly revenue Rs 52000,FEE_OR_COST,52000,ESTIMATED,Placeholder written by Pair B in cost_templates.py; marked '# ESTIMATE' inline,LOW,NO,"Unsourced placeholder chosen only for order-of-magnitude plausibility so the pipeline could be demonstrated. Not from any published KVIC/NABARD model profile. Do not state this figure as a real cost. docs/ARCHITECTURE.md:366 lists scraping 30-50 real KVIC/NABARD profiles as the 'Highest-leverage work in the whole build', warning that without it 'Sanction-Ready is a template with invented numbers - the one weakness a domain judge finds in thirty seconds'. That task was not done."
CT-REV-04,flour_mill: estimated monthly revenue Rs 22000,FEE_OR_COST,22000,ESTIMATED,Placeholder written by Pair B in cost_templates.py; marked '# ESTIMATE' inline,LOW,NO,"Unsourced placeholder chosen only for order-of-magnitude plausibility so the pipeline could be demonstrated. Not from any published KVIC/NABARD model profile. Do not state this figure as a real cost. docs/ARCHITECTURE.md:366 lists scraping 30-50 real KVIC/NABARD profiles as the 'Highest-leverage work in the whole build', warning that without it 'Sanction-Ready is a template with invented numbers - the one weakness a domain judge finds in thirty seconds'. That task was not done."
CT-REV-05,beauty_parlour: estimated monthly revenue Rs 28000,FEE_OR_COST,28000,ESTIMATED,Placeholder written by Pair B in cost_templates.py; marked '# ESTIMATE' inline,LOW,NO,"Unsourced placeholder chosen only for order-of-magnitude plausibility so the pipeline could be demonstrated. Not from any published KVIC/NABARD model profile. Do not state this figure as a real cost. docs/ARCHITECTURE.md:366 lists scraping 30-50 real KVIC/NABARD profiles as the 'Highest-leverage work in the whole build', warning that without it 'Sanction-Ready is a template with invented numbers - the one weakness a domain judge finds in thirty seconds'. That task was not done."
CT-REV-06,tea_stall: estimated monthly revenue Rs 26000,FEE_OR_COST,26000,ESTIMATED,Placeholder written by Pair B in cost_templates.py; marked '# ESTIMATE' inline,LOW,NO,"Unsourced placeholder chosen only for order-of-magnitude plausibility so the pipeline could be demonstrated. Not from any published KVIC/NABARD model profile. Do not state this figure as a real cost. docs/ARCHITECTURE.md:366 lists scraping 30-50 real KVIC/NABARD profiles as the 'Highest-leverage work in the whole build', warning that without it 'Sanction-Ready is a template with invented numbers - the one weakness a domain judge finds in thirty seconds'. That task was not done."
CT-REV-07,photocopy_shop: estimated monthly revenue Rs 24000,FEE_OR_COST,24000,ESTIMATED,Placeholder written by Pair B in cost_templates.py; marked '# ESTIMATE' inline,LOW,NO,"Unsourced placeholder chosen only for order-of-magnitude plausibility so the pipeline could be demonstrated. Not from any published KVIC/NABARD model profile. Do not state this figure as a real cost. docs/ARCHITECTURE.md:366 lists scraping 30-50 real KVIC/NABARD profiles as the 'Highest-leverage work in the whole build', warning that without it 'Sanction-Ready is a template with invented numbers - the one weakness a domain judge finds in thirty seconds'. That task was not done."
CT-REV-08,goat_rearing: estimated monthly revenue Rs 18000,FEE_OR_COST,18000,ESTIMATED,Placeholder written by Pair B in cost_templates.py; marked '# ESTIMATE' inline,LOW,NO,"Unsourced placeholder chosen only for order-of-magnitude plausibility so the pipeline could be demonstrated. Not from any published KVIC/NABARD model profile. Do not state this figure as a real cost. docs/ARCHITECTURE.md:366 lists scraping 30-50 real KVIC/NABARD profiles as the 'Highest-leverage work in the whole build', warning that without it 'Sanction-Ready is a template with invented numbers - the one weakness a domain judge finds in thirty seconds'. That task was not done."
CT-SRC-01,Every cost template carries an EMPTY source_url; no URL was invented for any of them,TECHNICAL_CLAIM,8 of 8 empty,VERIFIED_PUBLISHED,cost_templates.py; enforced by tests/test_cost_templates.py::test_source_url_is_empty_rather_than_invented,HIGH,YES,"Safe and worth saying: we left them empty rather than fabricate citations, and a test fails if anyone adds one."
NAME-01,The display name for nsfdc.suvidha is 'Suvidha Loan',TECHNICAL_CLAIM,Suvidha Loan,VERIFIED_PUBLISHED,"shared/seed_schemes.json (Pair A) _note: 'Hand-written, verified against live pages on 2026-09-03'; also backend/app/fixtures/recommend.json (Pair A)",HIGH,YES,Corroborated by Pair A's verified seed data as well as their recommend fixture.
NAME-02,The display name for nsfdc.micro_credit is 'Micro Credit Finance',TECHNICAL_CLAIM,Micro Credit Finance,VERIFIED_PUBLISHED,"shared/seed_schemes.json (Pair A) _note: 'Hand-written, verified against live pages on 2026-09-03'",HIGH,YES,"CORRECTED 2026-09-05: previously logged as an invented transliteration. The name is present verbatim in shared/seed_schemes.json, which Pair A hand-verified against the live NSFDC page on 2026-09-03. Pair B's independently chosen label matched it exactly."
NAME-03,The display name for nsfdc.mahila_samriddhi is 'Mahila Samriddhi Yojana',TECHNICAL_CLAIM,Mahila Samriddhi Yojana,VERIFIED_PUBLISHED,"shared/seed_schemes.json (Pair A) _note: 'Hand-written, verified against live pages on 2026-09-03'",HIGH,YES,"CORRECTED 2026-09-05: previously logged as an invented transliteration. The name is present verbatim in shared/seed_schemes.json, which Pair A hand-verified against the live NSFDC page on 2026-09-03. Pair B's independently chosen label matched it exactly."
NAME-04,The display name for nsfdc.laghu_vyavsay is 'Laghu Vyavsay Yojana',TECHNICAL_CLAIM,Laghu Vyavsay Yojana,VERIFIED_PUBLISHED,"shared/seed_schemes.json (Pair A) _note: 'Hand-written, verified against live pages on 2026-09-03'",HIGH,YES,"CORRECTED 2026-09-05: previously logged as an invented transliteration. The name is present verbatim in shared/seed_schemes.json, which Pair A hand-verified against the live NSFDC page on 2026-09-03. Pair B's independently chosen label matched it exactly."
ELIG-01,nsfdc.mahila_samriddhi is restricted to women applicants,ELIGIBILITY,women only,INFERRED,Inferred by Pair B from the scheme name (mahila = women) and its design; readiness.py WOMEN_ONLY_SCHEMES,MEDIUM,YES_WITH_CAVEAT,"Inferred from the name, NOT confirmed against the NSFDC page. Also unchecked: whether suvidha, micro_credit or laghu_vyavsay carry restrictions we have not encoded."
ELIG-02,The system never auto-recommends a women-only scheme to a non-female or unspecified applicant,TECHNICAL_CLAIM,fails closed,VERIFIED_PUBLISHED,readiness.py _is_eligible_scheme; tests/test_readiness.py gender-gate suite including the unspecified-gender regression test,HIGH,YES,"This is a claim about OUR system's behaviour and is test-enforced. Distinct from ELIG-01, which is a claim about NSFDC's actual rules."
FMT-01,The PDF matches the published PMEGP / Mudra Detailed Project Report format,FORMAT_CLAIM,(forbidden claim),UNVERIFIED_GUESS,No reference document was ever obtained; nobody has compared the template to a real DPR,LOW,NO,NEVER SAY THIS. It is false as far as we know. Use FMT-02 instead. The test test_html_does_not_claim_to_match_an_official_format fails if this claim is added to the template.
FMT-02,The PDF layout is modeled on standard DPR conventions and is NOT verified against the published PMEGP/Mudra format,FORMAT_CLAIM,"modeled, unverified",VERIFIED_PUBLISHED,project_report.html header comment and visible PDF footer; test_html_does_not_claim_to_match_an_official_format,HIGH,YES,"This is the safe form of FMT-01 and is printed on the PDF itself. The document also carries no government seal, emblem, logo or letterhead."
LLM-01,No number in the financial report was produced by a language model,TECHNICAL_CLAIM,0 LLM calls,VERIFIED_PUBLISHED,finance.py uses Decimal arithmetic throughout; no LLM or network call exists anywhere in app code; provenance='computed' asserted for every scheme by tests/test_finance.py::test_provenance_is_always_computed; 88 passing tests,HIGH,YES,"STRONGEST CLAIM IN THIS FILE. Directly checkable in the code and enforced by the test suite. Safe to state flatly, without hedging."
LLM-02,"The Sanction-Ready narrative is a deterministic template, not generated text",TECHNICAL_CLAIM,f-string,VERIFIED_PUBLISHED,readiness.py generate(); no LLM provider is wired into this repo at all,HIGH,YES,"Also safe. Activity classification is a static keyword table, not a model."
CALC-01,break_even_months = ceil(total_project_cost / (monthly_revenue - monthly_opex - emi)),TECHNICAL_CLAIM,formula,INFERRED,readiness.py _break_even_months; Pair B's own modelling choice,MEDIUM,YES_WITH_CAVEAT,"Deliberately CONSERVATIVE and it double-counts capital recovery: it subtracts the EMI and also divides by the full project cost, though the EMI already amortises that capital. True payback on the applicant's own money is shorter. Never state a break-even month count without this caveat. Needs a finance-literate review."
LANG-01,The Kannada activity labels and keywords are correct,TECHNICAL_CLAIM,8 labels + ~25 keywords,UNVERIFIED_GUESS,Written from recall by Pair B; every string marked KN-REVIEW in cost_templates.py and classification.py,LOW,NO,"NOT reviewed by any Kannada speaker. Failure mode is SILENT: a misspelled keyword never matches and the user falls through to UNRECOGNIZED. *** CONFLICT WITH THE DEMO SCRIPT *** docs/MVP_BUILD_PLAN.md:163 schedules demo beat 4 as 'speak a business idea in Kannada, PDF comes out' (Pair B, 120s) - i.e. the one language whose keyword table is unverified. Either get a native speaker to review the kn strings before demo day, or run that beat in Hindi. Do not claim Kannada support until one of those happens."
LANG-02,The Hindi activity labels and keywords are correct,TECHNICAL_CLAIM,8 labels + ~30 keywords,INFERRED,Common trade terms written by Pair B; not reviewed by a native speaker,MEDIUM,YES_WITH_CAVEAT,"Moderate confidence on common terms, not reviewed for spelling variants or regional synonyms. No stemming, fuzzy matching or transliteration beyond five hand-listed Romanised terms, so real ASR output will contain spellings this table lacks."
TIME-01,One documented case of subsidy delay ran three years,TIMELINE,3 years,UNVERIFIED_GUESS,"Asserted without citation in docs/MVP_BUILD_PLAN.md:60 ('you have a documented case of exactly that'); the underlying case lives in the discovery report, which is NOT checked into this repo",LOW,NO,RESOLVED IN PRODUCT: the sentence has been REMOVED from finance.py's subsidy_note and a regression test (test_subsidy_note_makes_no_uncited_factual_claim) blocks its return. No user now sees this claim. The claim itself remains uncited: the build plan asserts a documented case exists but names none. Do not state it on stage until whoever holds the discovery report supplies the case reference.
CALC-02,Extra amount repaid before a delayed subsidy arrives = emi x subsidy_delay_months,TECHNICAL_CLAIM,flat approximation,INFERRED,finance.py subsidy_note; approximation specified by the feature brief,MEDIUM,YES_WITH_CAVEAT,"A flat multiplication, NOT a re-amortisation. At 36 months on a 54-month schedule it reports about Rs 414,212. The note now reads only 'If the Rs X subsidy arrives N months late, you repay roughly Rs Y before it lands.' - the delay is the applicant's own hypothetical input, not a claim about a real case. Present the figure as an estimate."
ELIG-03,NSFDC's own pages contradict each other on whether Utkarsh's Rs 10-50L is loan amount or project cost,ELIGIBILITY,contradiction,INFERRED,docs/ARCHITECTURE.md:219 'the report flags NSFDC's own pages as inconsistent on whether Rs 10-50L is loan amount or project cost'; PS 26092 discovery report,MEDIUM,YES_WITH_CAVEAT,"SECOND-PASS CORRECTION 2026-09-05: previously logged as an inherited stray repo comment with no provenance. It is actually a documented finding of the discovery report, cited in ARCHITECTURE.md:219. Still NOT independently re-verified by Pair B against the live pages. If you want a contradiction to show a judge, use ELIG-04 instead - that one has three live URLs and observation dates."
TECH-01,Devanagari conjuncts render correctly in the generated PDF,TECHNICAL_CLAIM,verified,VERIFIED_PUBLISHED,"Rendered and visually inspected in the Debian container with fonts-noto-core; the conjuncts in ksha, gya and svaasthya confirmed as single ligatures; text-layer round trip asserted by tests/test_pdf_generator.py",HIGH,YES_WITH_CAVEAT,"Verified by rendering and visually inspecting output in the Debian container with fonts-noto-core; conjuncts confirmed as single ligatures; text-layer round trip asserted by tests. NOT verified on Windows, where WeasyPrint cannot load and those tests skip. SECOND-PASS NOTE: docs/ARCHITECTURE.md:233 requires 'Bundle Noto Sans Devanagari / Kannada / Tamil / Bengali as static assets. Do not rely on host fonts.' We DO rely on host fonts (fonts-noto-core installed in backend/Dockerfile). The claim therefore holds only on an image with those packages; it is not portable to an arbitrary host. Also: ARCHITECTURE.md:229 specifies the test string 'कृषि प्रसंस्करण इकाई'; we used क्ष / ज्ञ / स्वास्थ्य instead. Same purpose, different string."
TECH-02,"Accepted gender markers for the eligibility gate are female / f / woman, case-insensitive",TECHNICAL_CLAIM,3 markers,INFERRED,"readiness.py _is_eligible_scheme; Pair B's own convention, not a validated enum",MEDIUM,YES_WITH_CAVEAT,The schema deliberately does not constrain gender. If the intake form emits anything else the gate silently EXCLUDES the women-only scheme. Must be aligned with what the real intake form sends.
TECH-03,The 'cost figures are unverified estimates' caveat appears in both the API response and the printed PDF,TECHNICAL_CLAIM,both surfaces,VERIFIED_PUBLISHED,readiness.py narrative; project_report.html caveat block and footer; tests/test_pdf_generator.py::test_html_carries_the_estimate_caveat_into_the_document,HIGH,YES,Safe to state: a bank officer reading only the PDF sees the same caveat as an API consumer.
ELIG-04,"NSFDC and MoSJE currently publish conflicting family income ceilings for Suvidha: Rs 5,00,000 vs Rs 3,00,000",ELIGIBILITY,Rs 500000 vs Rs 300000,VERIFIED_PUBLISHED,"shared/seed_schemes.json (Pair A) _note: 'Hand-written, verified against live pages on 2026-09-03' contradictions[]: nsfdc.nic.in/about-us-3 (Rs 5,00,000, effective_from 2026-01-07) vs nsfdc.nic.in/en/how-to-apply (Rs 3,00,000) vs socialjustice.gov.in/schemes/34 (Rs 3,00,000, MoSJE), all observed 2026-09-03; demo scripted at MVP_BUILD_PLAN.md:38",HIGH,YES,"Pair A's data and Pair A's demo beat, logged here because the evidence keeper covers every deck claim. Three live URLs with observation dates - a judge can open them on a phone. This is the contradiction to use on stage, not the Utkarsh one (ELIG-03)."
ELIG-05,NSFDC does not publish age criteria on any fetchable page,ELIGIBILITY,not published,VERIFIED_PUBLISHED,"shared/seed_schemes.json (Pair A) _note: 'Hand-written, verified against live pages on 2026-09-03' unpublished[] contains 'age_criteria'; corroborated by docs/ARCHITECTURE.md:264 ('not stated on any fetchable NSFDC page (report §2.1)') and docs/MVP_BUILD_PLAN.md:33",HIGH,YES,"A claim about ABSENCE, and a strong one: the honest answer to 'what about this rule?' is 'the government does not publish it', which is why the API has an INSUFFICIENT_DATA verdict. Never invent a threshold for this field."
ELIG-06,NSFDC does not publish promoter contribution on any fetchable page,ELIGIBILITY,not published,VERIFIED_PUBLISHED,"shared/seed_schemes.json (Pair A) _note: 'Hand-written, verified against live pages on 2026-09-03' unpublished[] contains 'promoter_contribution'; corroborated by docs/ARCHITECTURE.md:264 ('not stated on any fetchable NSFDC page (report §2.1)') and docs/MVP_BUILD_PLAN.md:33",HIGH,YES,"A claim about ABSENCE, and a strong one: the honest answer to 'what about this rule?' is 'the government does not publish it', which is why the API has an INSUFFICIENT_DATA verdict. Never invent a threshold for this field."
ELIG-07,NSFDC does not publish women / divyangjan concessions on any fetchable page,ELIGIBILITY,not published,VERIFIED_PUBLISHED,"shared/seed_schemes.json (Pair A) _note: 'Hand-written, verified against live pages on 2026-09-03' unpublished[] contains 'women_divyangjan_concession'; corroborated by docs/ARCHITECTURE.md:264 ('not stated on any fetchable NSFDC page (report §2.1)') and docs/MVP_BUILD_PLAN.md:33",HIGH,YES,"A claim about ABSENCE, and a strong one: the honest answer to 'what about this rule?' is 'the government does not publish it', which is why the API has an INSUFFICIENT_DATA verdict. Never invent a threshold for this field."
TIME-02,NSFDC's Term Loan scheme was retired on 2023-10-01,TIMELINE,2023-10-01,VERIFIED_PUBLISHED,"shared/seed_schemes.json (Pair A) _note: 'Hand-written, verified against live pages on 2026-09-03' schemes[] nsfdc.term_loan retired_on",HIGH,YES,Pair A's data. Pair B's finance engine deliberately excludes this scheme.
TIME-03,The retired Term Loan scheme is still the top search result three years later,TIMELINE,top search result,UNVERIFIED_GUESS,shared/seed_schemes.json '_why' annotation on nsfdc.term_loan; no search-ranking evidence is recorded anywhere in the repo,LOW,NO,"The scheme's RETIREMENT DATE is verified (TIME-02); its SEARCH RANKING is not. Nobody recorded a query, a date, a region or a screenshot. Search rankings are personalised and volatile. Do not assert this on stage without a dated screenshot."
FMT-03,"The generated PDF is labelled 'first draft for human review', not an approval",FORMAT_CLAIM,label present,VERIFIED_PUBLISHED,"Required by docs/ARCHITECTURE.md:235; implemented in backend/app/templates/project_report.html as a full-width banner above section 1 plus a running footer on every page; asserted by tests/test_pdf_generator.py::test_html_carries_the_first_draft_for_human_review_label, ::test_review_label_is_prominent_not_buried_in_the_fine_print and ::test_review_label_survives_into_the_rendered_pdf_text",HIGH,YES,"RESOLVED 2026-09-05: the label was missing when this row was created. The PDF now carries 'FIRST DRAFT FOR HUMAN REVIEW - NOT AN APPROVAL' as a black banner directly beneath the title, repeated in the page footer so a reader holding only page 2 still sees it. Visually confirmed on both rendered pages, not just in the HTML source."
